{
    "Ar36": {
        "error": 0.0005087570845804853, 
        "filter_outliers_dict": {
            "filter_outliers": true, 
            "iterations": 1, 
            "std_devs": 2
        }, 
        "fit": "Linear", 
        "value": 0.03605359475065385
    }, 
    "Ar37": {
        "error": 0.012434086781069003, 
        "filter_outliers_dict": {
            "filter_outliers": true, 
            "iterations": 1, 
            "std_devs": 2
        }, 
        "fit": "linear", 
        "value": 0.1545509447987119
    }, 
    "Ar38": {
        "error": 0.007024777269422826, 
        "filter_outliers_dict": {
            "filter_outliers": true, 
            "iterations": 1, 
            "std_devs": 2
        }, 
        "fit": "linear", 
        "value": 1.023849647732127
    }, 
    "Ar39": {
        "error": 0.01889360272494208, 
        "filter_outliers_dict": {
            "filter_outliers": true, 
            "iterations": 1, 
            "std_devs": 2
        }, 
        "fit": "Linear", 
        "value": 77.84189531867116
    }, 
    "Ar40": {
        "error": 0.036376042302308655, 
        "filter_outliers_dict": {
            "filter_outliers": true, 
            "iterations": 1, 
            "std_devs": 2
        }, 
        "fit": "Linear", 
        "value": 426.9314969749686
    }, 
    "Ar41": {
        "error": 0.0037246662038112645, 
        "filter_outliers_dict": {
            "filter_outliers": true, 
            "iterations": 1, 
            "std_devs": 2
        }, 
        "fit": "Average", 
        "value": -0.039792423437268014
    }
}