{
    "Ar36": {
        "error": 0.0005604627484056812, 
        "filter_outliers_dict": {
            "filter_outliers": true, 
            "iterations": 1, 
            "std_devs": 2
        }, 
        "fit": "Linear", 
        "value": 0.046295488718885065
    }, 
    "Ar37": {
        "error": 0.009622945794653101, 
        "filter_outliers_dict": {
            "filter_outliers": true, 
            "iterations": 1, 
            "std_devs": 2
        }, 
        "fit": "linear", 
        "value": 0.174738505762827
    }, 
    "Ar38": {
        "error": 0.006002162922829101, 
        "filter_outliers_dict": {
            "filter_outliers": true, 
            "iterations": 1, 
            "std_devs": 2
        }, 
        "fit": "linear", 
        "value": 0.9016977076555459
    }, 
    "Ar39": {
        "error": 0.021448103425934173, 
        "filter_outliers_dict": {
            "filter_outliers": true, 
            "iterations": 1, 
            "std_devs": 2
        }, 
        "fit": "Linear", 
        "value": 68.60647092207554
    }, 
    "Ar40": {
        "error": 0.033118351827930555, 
        "filter_outliers_dict": {
            "filter_outliers": true, 
            "iterations": 1, 
            "std_devs": 2
        }, 
        "fit": "Linear", 
        "value": 361.9426107198482
    }, 
    "Ar41": {
        "error": 0.0032953628208896146, 
        "filter_outliers_dict": {
            "filter_outliers": true, 
            "iterations": 1, 
            "std_devs": 2
        }, 
        "fit": "Average", 
        "value": -0.040850941248116064
    }
}