{
    "Ar36": {
        "error": 0.00041119611153601237, 
        "filter_outliers_dict": {
            "filter_outliers": true, 
            "iterations": 1, 
            "std_devs": 2
        }, 
        "fit": "Linear", 
        "value": 0.018190343780355764
    }, 
    "Ar37": {
        "error": 0.011524978852961276, 
        "filter_outliers_dict": {
            "filter_outliers": true, 
            "iterations": 1, 
            "std_devs": 2
        }, 
        "fit": "linear", 
        "value": 0.09264617450109307
    }, 
    "Ar38": {
        "error": 0.004990977319802009, 
        "filter_outliers_dict": {
            "filter_outliers": true, 
            "iterations": 1, 
            "std_devs": 2
        }, 
        "fit": "linear", 
        "value": 0.24678320022688682
    }, 
    "Ar39": {
        "error": 0.015579925518744098, 
        "filter_outliers_dict": {
            "filter_outliers": true, 
            "iterations": 1, 
            "std_devs": 2
        }, 
        "fit": "Linear", 
        "value": 19.71093297665338
    }, 
    "Ar40": {
        "error": 0.02027395350458221, 
        "filter_outliers_dict": {
            "filter_outliers": true, 
            "iterations": 1, 
            "std_devs": 2
        }, 
        "fit": "Linear", 
        "value": 96.57725335445923
    }, 
    "Ar41": {
        "error": 0.0033351552111042736, 
        "filter_outliers_dict": {
            "filter_outliers": true, 
            "iterations": 1, 
            "std_devs": 2
        }, 
        "fit": "Average", 
        "value": -0.05851100566786607
    }
}