{
    "Ar36": {
        "error": 0.0002911889322180901, 
        "filter_outliers_dict": {
            "filter_outliers": true, 
            "iterations": 1, 
            "std_devs": 2
        }, 
        "fit": "Linear", 
        "value": 0.009711164947435513
    }, 
    "Ar37": {
        "error": 0.0111970595749596, 
        "filter_outliers_dict": {
            "filter_outliers": true, 
            "iterations": 1, 
            "std_devs": 2
        }, 
        "fit": "linear", 
        "value": 0.3867050448490984
    }, 
    "Ar38": {
        "error": 0.006199061663233838, 
        "filter_outliers_dict": {
            "filter_outliers": true, 
            "iterations": 1, 
            "std_devs": 2
        }, 
        "fit": "linear", 
        "value": 2.7081183503951802
    }, 
    "Ar39": {
        "error": 0.026749159275899426, 
        "filter_outliers_dict": {
            "filter_outliers": true, 
            "iterations": 1, 
            "std_devs": 2
        }, 
        "fit": "Linear", 
        "value": 200.84138833042064
    }, 
    "Ar40": {
        "error": 0.07038734776848837, 
        "filter_outliers_dict": {
            "filter_outliers": true, 
            "iterations": 1, 
            "std_devs": 2
        }, 
        "fit": "Linear", 
        "value": 1110.869896643156
    }, 
    "Ar41": {
        "error": 0.003066781502193481, 
        "filter_outliers_dict": {
            "filter_outliers": true, 
            "iterations": 1, 
            "std_devs": 2
        }, 
        "fit": "Average", 
        "value": -0.006727805378650945
    }
}