{
    "Ar36": {
        "error": 0.00034777290523613073, 
        "filter_outliers_dict": {
            "filter_outliers": true, 
            "iterations": 1, 
            "std_devs": 2
        }, 
        "fit": "Linear", 
        "value": 0.012293685525901467
    }, 
    "Ar37": {
        "error": 0.010977583618516132, 
        "filter_outliers_dict": {
            "filter_outliers": true, 
            "iterations": 1, 
            "std_devs": 2
        }, 
        "fit": "linear", 
        "value": 0.1721077844281375
    }, 
    "Ar38": {
        "error": 0.005822679270036501, 
        "filter_outliers_dict": {
            "filter_outliers": true, 
            "iterations": 1, 
            "std_devs": 2
        }, 
        "fit": "linear", 
        "value": 0.3650454182662706
    }, 
    "Ar39": {
        "error": 0.015952634271945616, 
        "filter_outliers_dict": {
            "filter_outliers": true, 
            "iterations": 1, 
            "std_devs": 2
        }, 
        "fit": "Linear", 
        "value": 28.868763680040203
    }, 
    "Ar40": {
        "error": 0.01768598581952584, 
        "filter_outliers_dict": {
            "filter_outliers": true, 
            "iterations": 1, 
            "std_devs": 2
        }, 
        "fit": "Linear", 
        "value": 103.01805158175722
    }, 
    "Ar41": {
        "error": 0.0032829834894357117, 
        "filter_outliers_dict": {
            "filter_outliers": true, 
            "iterations": 1, 
            "std_devs": 2
        }, 
        "fit": "Average", 
        "value": -0.05117988787119384
    }
}