{
    "Ar36": {
        "error": 0.0009338402479022396, 
        "filter_outliers_dict": {
            "filter_outliers": true, 
            "iterations": 1, 
            "std_devs": 2
        }, 
        "fit": "Linear", 
        "value": 0.111348112765734
    }, 
    "Ar37": {
        "error": 0.010424083608272714, 
        "filter_outliers_dict": {
            "filter_outliers": true, 
            "iterations": 1, 
            "std_devs": 2
        }, 
        "fit": "linear", 
        "value": 0.3933092083990327
    }, 
    "Ar38": {
        "error": 0.00623173348375322, 
        "filter_outliers_dict": {
            "filter_outliers": true, 
            "iterations": 1, 
            "std_devs": 2
        }, 
        "fit": "linear", 
        "value": 1.082444936220566
    }, 
    "Ar39": {
        "error": 0.022906158802280044, 
        "filter_outliers_dict": {
            "filter_outliers": true, 
            "iterations": 1, 
            "std_devs": 2
        }, 
        "fit": "Linear", 
        "value": 76.9694508618814
    }, 
    "Ar40": {
        "error": 0.03529557401386983, 
        "filter_outliers_dict": {
            "filter_outliers": true, 
            "iterations": 1, 
            "std_devs": 2
        }, 
        "fit": "Linear", 
        "value": 311.2503426348272
    }, 
    "Ar41": {
        "error": 0.004321353683976004, 
        "filter_outliers_dict": {
            "filter_outliers": true, 
            "iterations": 1, 
            "std_devs": 2
        }, 
        "fit": "Average", 
        "value": -0.02236834675041089
    }
}