{
    "Ar36": {
        "error": 0.0004622891975787556, 
        "filter_outliers_dict": {
            "filter_outliers": true, 
            "iterations": 1, 
            "std_devs": 2
        }, 
        "fit": "Linear", 
        "value": 0.02193169058618935
    }, 
    "Ar37": {
        "error": 0.011560629243408664, 
        "filter_outliers_dict": {
            "filter_outliers": true, 
            "iterations": 1, 
            "std_devs": 2
        }, 
        "fit": "linear", 
        "value": 0.2168548890498371
    }, 
    "Ar38": {
        "error": 0.004937908860152023, 
        "filter_outliers_dict": {
            "filter_outliers": true, 
            "iterations": 1, 
            "std_devs": 2
        }, 
        "fit": "linear", 
        "value": 0.42630049355532507
    }, 
    "Ar39": {
        "error": 0.016567014762277944, 
        "filter_outliers_dict": {
            "filter_outliers": true, 
            "iterations": 1, 
            "std_devs": 2
        }, 
        "fit": "Linear", 
        "value": 23.747188930658304
    }, 
    "Ar40": {
        "error": 0.021759955873520566, 
        "filter_outliers_dict": {
            "filter_outliers": true, 
            "iterations": 1, 
            "std_devs": 2
        }, 
        "fit": "Linear", 
        "value": 91.52538971622556
    }, 
    "Ar41": {
        "error": 0.0037742464442755883, 
        "filter_outliers_dict": {
            "filter_outliers": true, 
            "iterations": 1, 
            "std_devs": 2
        }, 
        "fit": "Average", 
        "value": -0.05445995718984454
    }
}