{
    "Ar36": {
        "error": 0.0007641439975030629, 
        "filter_outliers_dict": {
            "filter_outliers": true, 
            "iterations": 1, 
            "std_devs": 2
        }, 
        "fit": "Linear", 
        "value": 0.011142564801347154
    }, 
    "Ar37": {
        "error": 0.022618130683188867, 
        "filter_outliers_dict": {
            "filter_outliers": true, 
            "iterations": 1, 
            "std_devs": 2
        }, 
        "fit": "linear", 
        "value": 0.06735231964490067
    }, 
    "Ar38": {
        "error": 0.01689282216615492, 
        "filter_outliers_dict": {
            "filter_outliers": true, 
            "iterations": 1, 
            "std_devs": 2
        }, 
        "fit": "linear", 
        "value": 0.1071062109837849
    }, 
    "Ar39": {
        "error": 0.035088108258897514, 
        "filter_outliers_dict": {
            "filter_outliers": true, 
            "iterations": 1, 
            "std_devs": 2
        }, 
        "fit": "Linear", 
        "value": 4.645628689962322
    }, 
    "Ar40": {
        "error": 0.092396410575693, 
        "filter_outliers_dict": {
            "filter_outliers": true, 
            "iterations": 1, 
            "std_devs": 2
        }, 
        "fit": "Linear", 
        "value": 409.0066673212856
    }, 
    "Ar41": {
        "error": 0.007256476163522602, 
        "filter_outliers_dict": {
            "filter_outliers": true, 
            "iterations": 1, 
            "std_devs": 2
        }, 
        "fit": "Average", 
        "value": -0.028857968448909865
    }
}